City,Cloudiness,Country,Date,Humidity,Long,Lat,Max Temp(Â°F),Wind Speed
Cherdakly,0,RU,1552935600,92,48.84,54.36,23.0,2.33
Hilo,90,US,1552938451,56,-155.08,19.71,73.99,5.82
Aklavik,40,CA,1552935600,64,-135.01,68.22,41.0,2.24
Dikson,80,RU,1552938485,93,80.55,73.51,22.74,21.45
Saint-Philippe,1,CA,1552938471,36,-73.48,45.36,30.99,21.92
Chokurdakh,48,RU,1552938485,62,147.9,70.62,-21.28,3.0
Bubaque,0,GW,1552938485,96,-15.83,11.28,78.09,12.95
Kieta,8,PG,1552938485,100,155.63,-6.22,80.16,2.82
Bambous Virieux,40,MU,1552938243,78,57.76,-20.34,82.4,6.93
Keshod,0,IN,1552938486,53,70.25,21.3,67.11,2.71
New Norfolk,75,AU,1552938441,87,147.06,-42.78,53.6,6.93
Lavrentiya,0,RU,1552938486,100,-170.99,65.58,4.11,10.76
San Lorenzo,0,HN,1552938221,52,-87.45,13.43,90.96,7.14
Mataura,64,NZ,1552938006,96,168.86,-46.19,57.0,4.5
Telenesti,0,MD,1552938484,54,28.37,47.5,53.6,18.34
Upernavik,24,GL,1552938487,100,-56.15,72.79,-12.1,3.22
Babu,80,CN,1552938487,93,104.89,23.23,55.68,2.59
Yellowknife,90,CA,1552938292,79,-114.38,62.45,37.99,13.87
Jamestown,64,AU,1552938456,91,138.6,-33.21,54.24,2.82
Rikitea,76,PF,1552938488,100,-134.97,-23.12,77.55,19.55
Arraial do Cabo,20,BR,1552935600,74,-42.02,-22.97,91.4,18.34
Puerto Ayora,20,EC,1552938454,66,-90.35,-0.74,84.2,6.93
Butaritari,64,KI,1552938488,100,172.79,3.07,82.14,15.3
Tautira,40,PF,1552938205,70,-149.15,-17.73,87.01,3.36
Hermanus,0,ZA,1552938310,91,19.24,-34.42,64.99,1.01
Urgut,75,UZ,1552935600,58,67.25,39.41,55.4,11.41
Kinston,1,US,1552938158,29,-77.58,35.26,66.2,12.33
Jaisinghnagar,0,IN,1552938494,48,78.57,23.63,60.18,4.56
Raton,1,US,1552938418,26,-104.44,36.9,55.99,14.99
Cuamba,20,MZ,1552938494,61,36.54,-14.8,78.0,7.4
Albany,75,US,1552938374,25,-73.75,42.65,41.0,18.34
Ponta do Sol,20,BR,1552938495,81,-46.0,-20.63,77.91,3.71
Pringsewu,68,ID,1552938495,91,104.98,-5.36,74.22,2.48
La Roche-sur-Yon,75,FR,1552938426,87,-1.43,46.67,48.2,6.93
Te Anau,44,NZ,1552938495,91,167.72,-45.41,55.77,3.38
Port Elizabeth,90,US,1552938381,42,-74.98,39.31,48.99,5.82
Thompson,20,CA,1552935600,60,-97.86,55.74,41.0,4.7
Busselton,8,AU,1552938469,38,115.35,-33.64,73.99,10.27
Talnakh,80,RU,1552938496,83,88.39,69.49,5.19,7.07
Ushuaia,75,AR,1552935600,94,-68.31,-54.81,41.0,16.11
Nizwa,0,OM,1552938497,75,57.53,22.93,50.28,4.05
Elur,40,IN,1552935600,83,76.3,10.07,82.4,3.04
Hithadhoo,76,MV,1552938497,100,73.08,-0.6,84.21,6.4
Anadyr,0,RU,1552938209,68,177.51,64.73,-14.01,6.71
Cidreira,76,BR,1552938497,96,-50.22,-30.17,71.97,14.79
Nikolskoye,0,RU,1552938463,93,30.79,59.7,37.0,4.47
Port Hedland,20,AU,1552935600,83,118.58,-20.31,82.4,4.7
Kruisfontein,64,ZA,1552938498,94,24.73,-34.0,68.46,6.24
Vestmannaeyjar,90,IS,1552932600,100,-20.27,63.44,44.6,23.04
Punta Arenas,40,CL,1552938209,92,-70.91,-53.16,51.8,25.28
Atuona,32,PF,1552938499,100,-139.03,-9.8,81.96,15.79
Vaini,0,IN,1552938504,90,74.49,15.34,65.04,2.21
Kungurtug,56,RU,1552938504,68,97.53,50.6,6.63,3.56
Ixtapa,90,MX,1552938328,73,-105.21,20.71,77.0,13.87
Biltine,12,TD,1552938504,20,20.93,14.53,74.04,9.42
Manavalakurichi,40,IN,1552937400,74,77.3,8.13,84.2,3.36
Avera,1,US,1552938494,19,-82.53,33.19,68.0,10.29
Bonthe,0,SL,1552938505,74,-12.5,7.53,82.23,4.83
Nelson Bay,90,AU,1552938364,93,152.14,-32.72,66.2,4.7
Mangrol,0,IN,1552938505,65,76.51,25.33,57.21,2.21
Loandjili,40,CG,1552935600,89,11.87,-4.77,84.2,5.82
Bredasdorp,76,ZA,1552935600,83,20.04,-34.53,69.8,8.05
Saldanha,0,PT,1552938506,73,-6.55,41.42,38.49,2.89
Carnarvon,0,ZA,1552938506,73,22.13,-30.97,58.2,8.14
Bethel,90,US,1552936140,78,-161.76,60.79,15.8,8.05
Sibolga,12,ID,1552938507,100,98.78,1.74,68.55,1.59
Mar del Plata,92,AR,1552938507,43,-67.52,-46.43,60.18,16.08
Margate,75,AU,1552938441,87,147.26,-43.03,53.6,6.93
Boromo,68,BF,1552938507,51,-2.93,11.74,84.03,5.57
Alta Floresta,75,BR,1552935600,52,-56.08,-9.87,91.4,2.24
Avarua,8,CK,1552935600,88,-159.78,-21.21,82.4,8.05
Sisimiut,32,GL,1552938402,78,-53.67,66.94,-13.54,8.25
Hobart,75,AU,1552937841,87,147.33,-42.88,53.6,6.93
Zhezkazgan,0,KZ,1552938508,80,67.71,47.8,21.21,14.18
Dali,20,CN,1552938508,71,100.24,25.6,54.69,6.35
Muros,0,ES,1552938406,75,-9.06,42.77,54.0,10.29
Lebu,0,ET,1552938514,59,38.73,8.96,51.72,6.02
Kodiak,1,US,1552938490,8,-94.76,39.95,53.01,5.82
Constitucion,75,MX,1552938016,26,-104.67,23.99,70.0,12.75
Port Blair,0,IN,1552938514,100,92.75,11.67,82.86,5.5
Tiksi,20,RU,1552938514,38,128.87,71.64,-25.51,3.33
Georgetown,75,GY,1552935600,70,-58.16,6.8,86.0,13.87
Guerrero Negro,0,MX,1552938515,38,-114.04,27.97,72.51,12.17
Ribeira Grande,40,PT,1552935600,72,-28.7,38.52,64.4,11.41
Hirado,44,JP,1552938208,94,129.49,33.32,53.01,7.0
Piacabucu,12,BR,1552938516,59,-36.43,-10.41,85.74,11.61
Ola,20,RU,1552938516,100,151.3,59.58,-4.18,9.82
Leningradskiy,68,RU,1552938516,90,178.42,69.38,0.96,30.96
Barra,0,GM,1552935600,69,-16.54,13.49,75.2,11.41
Mezen,92,RU,1552938517,83,44.24,65.85,33.81,9.15
Turayf,0,SA,1552935600,58,38.65,31.68,55.4,6.93
Gravdal,0,NO,1552938424,100,5.78,59.79,41.0,25.28
Biak,0,ID,1552938517,96,122.88,-0.91,76.38,2.37
Van Buren,75,US,1552938438,49,-67.94,47.16,25.0,10.29
Zhanjiang,80,CN,1552938518,95,110.4,21.2,72.33,8.41
Sao Joao da Barra,20,BR,1552935600,59,-41.05,-21.64,89.6,13.87
Santa Cruz,1,US,1552938237,52,-122.03,36.97,77.0,6.93
Qaanaaq,0,GL,1552938519,73,-69.36,77.48,-25.42,7.25
Bud,40,NO,1552938387,93,6.91,62.91,35.6,3.36
Hami,92,CN,1552938520,73,93.51,42.84,41.55,0.2
Hofn,90,IS,1552935600,93,-15.21,64.25,41.0,12.75
Sorland,40,NO,1552936800,68,12.69,67.67,28.4,3.36
Vila Velha,20,BR,1552938489,89,-38.6,-3.71,79.0,7.0
Laguna,5,MX,1552934460,36,-110.01,27.52,75.2,5.82
Tuktoyaktuk,75,CA,1552935600,86,-133.03,69.44,26.6,4.7
Broome,75,GB,1552938515,86,1.45,52.47,46.99,5.82
Dover,40,US,1552938382,48,-75.52,39.16,48.0,6.93
Kavieng,0,PG,1552938526,99,150.8,-2.57,84.12,10.16
Souillac,0,FR,1552938490,70,-0.6,45.6,50.0,9.17
Mosquera,40,CO,1552935600,52,-74.23,4.71,68.0,6.93
Victoria,75,BN,1552935600,88,115.24,5.28,80.6,8.81
Bluff,0,AU,1552938527,93,149.07,-23.58,67.29,3.49
Mochicahui,5,MX,1552938017,20,-108.93,25.95,82.0,12.75
Geraldton,75,CA,1552938000,58,-86.95,49.72,30.2,8.05
Los Llanos de Aridane,40,ES,1552938061,68,-17.92,28.66,64.4,14.99
Salym,48,RU,1552938528,91,71.48,60.06,23.55,5.84
Vila Franca do Campo,75,PT,1552938215,82,-25.43,37.72,59.0,5.82
Anloga,20,GH,1552935600,79,0.9,5.79,84.2,12.75
Bulgan,88,MN,1552938528,55,103.53,48.81,15.45,10.94
Hasaki,75,JP,1552937675,81,140.83,35.73,48.2,1.12
Provideniya,8,RU,1552938528,100,-173.23,64.42,3.66,6.91
Havoysund,40,NO,1552936800,85,24.66,71.0,23.0,11.41
Imbituba,40,BR,1552937280,83,-48.67,-28.24,80.6,6.93
Astoria,1,US,1552938394,24,-123.83,46.19,68.0,17.22
Port Alfred,20,ZA,1552938391,95,26.89,-33.59,73.99,11.16
Norman Wells,75,CA,1552935600,60,-126.83,65.28,41.0,2.24
Carutapera,32,BR,1552938530,89,-46.02,-1.2,80.07,4.34
Mayo,90,CA,1552935600,46,-135.9,63.59,50.0,10.29
Auki,0,NG,1552938530,21,6.51,12.18,80.43,10.09
Borgarnes,90,IS,1552938411,87,-21.92,64.54,46.0,25.28
Pundaguitan,92,PH,1552938530,100,126.17,6.37,75.75,15.46
Bakau,0,GM,1552935600,69,-16.68,13.48,75.2,11.41
Itarema,88,BR,1552938536,84,-39.92,-2.92,81.06,6.24
Surt,0,LY,1552938536,71,16.59,31.21,64.14,14.67
Ganganagar,20,IN,1552938536,41,77.13,16.78,76.11,4.38
Ferrol,20,ES,1552938481,71,-8.23,43.48,52.0,9.17
Coahuayana,0,MX,1552938536,36,-100.35,18.62,83.58,2.89
Teya,90,MX,1552938349,51,-89.07,21.05,86.0,13.87
Wagar,56,US,1552938440,34,-87.99,31.44,64.99,4.0
Puerto Escondido,40,MX,1552934400,70,-97.07,15.86,84.2,10.29
Quatre Cocos,40,MU,1552938243,78,57.76,-20.21,82.4,6.93
Meadow Lake,5,CA,1552935600,60,-108.44,54.13,41.0,8.05
Pampa,1,US,1552938346,22,-100.96,35.54,68.0,14.99
Thongwa,0,MM,1552935600,74,96.52,16.76,78.8,6.93
Kapaa,90,US,1552938498,53,-159.32,22.08,73.4,13.87
Chuy,88,UY,1552938538,92,-53.46,-33.69,74.85,5.5
Kiunga,12,PG,1552938538,92,141.3,-6.12,69.72,2.04
Viedma,0,AR,1552938538,33,-62.99,-40.81,64.68,10.76
Mayumba,92,GA,1552938538,100,10.65,-3.44,80.61,4.72
Visby,75,SE,1552938407,93,18.3,57.64,37.0,16.11
Airai,64,TL,1552938539,87,125.41,-8.93,70.53,2.04
Pangnirtung,40,CA,1552935600,68,-65.72,66.15,-20.21,8.05
Scarborough,8,GB,1552938365,81,-0.41,54.28,48.0,4.7
Cape Town,75,ZA,1552938310,88,18.42,-33.93,72.0,14.99
Ujhani,0,IN,1552938539,64,79.01,28.0,62.52,5.5
Ambon,90,FR,1552938508,93,-2.56,47.55,46.99,4.7
Nemuro,48,JP,1552938540,86,145.57,43.32,35.43,26.64
La Ronge,5,CA,1552935600,60,-105.3,55.1,39.2,13.87
Lorengau,80,PG,1552938540,96,147.27,-2.02,83.58,13.29
Ilulissat,20,GL,1552935000,40,-51.1,69.22,-0.41,4.7
East London,20,ZA,1552935600,94,27.91,-33.02,73.4,11.41
Abashiri,0,JP,1552936266,63,144.25,44.01,37.0,7.0
Noumea,0,NC,1552935600,88,166.46,-22.28,71.6,5.57
Elizabeth City,40,US,1552938298,66,-76.22,36.3,59.0,10.16
Roald,40,NO,1552938387,90,6.12,62.58,35.6,4.7
Rosarito,40,CO,1552935600,62,-75.23,4.91,86.0,6.93
Pontivy,90,FR,1552938508,93,-2.97,48.06,46.99,4.7
Lapi,0,EE,1552938495,93,26.99,57.91,37.0,9.17
Cacu,0,BR,1552938547,59,-51.13,-18.56,87.18,5.39
Shimoda,76,JP,1552938311,62,138.93,34.7,48.0,1.01
Wanaka,80,NZ,1552938547,96,169.14,-44.7,53.34,2.55
Matara,90,PE,1552935600,66,-72.9,-13.74,53.6,13.87
Karratha,0,AU,1552938547,81,116.85,-20.74,73.59,3.11
Saint George,20,GR,1552935000,93,22.34,39.45,51.8,3.56
Esperance,20,TT,1552938320,45,-61.45,10.24,88.0,13.87
Grindavik,75,IS,1552938396,93,-22.43,63.84,46.0,28.86
Kaitangata,88,NZ,1552938548,99,169.85,-46.28,57.21,5.35
Klyuchevskiy,80,RU,1552938548,63,119.45,53.53,18.87,8.63
San Cristobal,75,EC,1552938398,43,-78.55,-0.39,73.4,9.17
Khatanga,88,RU,1552938549,80,102.47,71.98,1.59,7.25
Narsaq,75,GL,1552935000,80,-46.05,60.91,30.2,1.12
Raudeberg,20,NO,1552938311,69,5.14,61.99,39.2,10.29
Barrow,0,AR,1552938549,71,-60.23,-38.31,64.14,12.28
Harper,1,US,1552938373,25,-99.24,30.3,68.0,11.41
Mount Gambier,90,AU,1552937400,100,140.78,-37.83,53.6,2.77
Ornskoldsvik,75,SE,1552936800,86,18.72,63.29,30.2,8.05
Mount Isa,0,AU,1552935600,43,139.49,-20.73,69.8,4.7
Kongwa,0,TZ,1552938555,86,36.41,-6.19,63.78,4.05
Mitu,20,IR,1552938555,91,46.09,36.2,24.18,2.55
Inongo,36,CD,1552938555,97,18.29,-1.93,74.67,2.33
Castro,75,CL,1552935600,54,-73.76,-42.48,55.4,16.11
Mahebourg,40,MU,1552938544,78,57.7,-20.41,82.4,6.93
Bull Savanna,20,JM,1552938556,45,-77.59,17.89,83.04,6.62
Aleksin,20,RU,1552935600,86,37.07,54.5,37.4,11.18
Boffa,0,GN,1552938556,58,-14.04,10.18,79.53,9.26
Oranjestad,40,AW,1552935600,66,-70.03,12.52,84.2,24.16
Ancud,75,CL,1552935600,54,-73.83,-41.87,55.4,16.11
Cherskiy,32,RU,1552938557,77,161.3,68.75,-12.19,8.41
Semnan,75,IR,1552935600,39,53.39,35.58,48.2,9.17
Marystown,68,CA,1552938146,100,-55.16,47.17,30.99,16.46
Clyde River,75,CA,1552935600,69,-68.59,70.47,-13.01,29.97
Pisco,75,PE,1552935600,30,-76.2,-13.71,71.6,10.29
Lekoni,44,GA,1552938558,93,14.26,-1.58,72.06,3.89
Cazanesti,0,RO,1552938336,45,27.02,44.62,61.0,1.01
Najran,40,SA,1552935600,43,44.22,17.54,69.8,6.93
Oranjemund,92,ZA,1552938558,95,16.43,-28.55,64.77,11.61
Nuevo Laredo,90,US,1552938305,34,-99.5,27.49,66.2,8.05
Katobu,32,ID,1552938559,100,122.53,-4.94,81.24,3.89
Artesia,1,US,1552938401,33,-104.4,32.84,62.01,6.93
Faanui,20,PF,1552938559,100,-151.75,-16.48,82.68,4.0
Saint-Augustin,92,FR,1552938490,93,-0.61,44.83,50.0,6.93
Rome,20,IT,1552938528,71,12.48,41.89,54.0,5.82
Deputatskiy,20,RU,1552938565,48,139.9,69.3,-30.91,4.38
Barcelos,0,PT,1552938437,76,-8.62,41.53,55.99,9.17
College,1,US,1552938395,80,-147.8,64.86,48.99,6.13
Sept-Iles,90,CA,1552938510,48,-66.38,50.2,24.01,6.93
Necochea,0,AR,1552938522,52,-58.74,-38.55,70.0,11.01
Luderitz,8,NA,1552938566,90,15.16,-26.65,61.26,8.41
Kurduvadi,0,IN,1552938566,35,75.41,18.09,71.79,10.27
Poum,0,MK,1552937400,61,20.71,41.28,46.4,2.24
Trinidad,75,UY,1552935600,61,-56.9,-33.52,80.6,11.41
Lewistown,75,US,1552938420,60,-90.15,40.39,50.0,6.93
Markova,90,RU,1552938446,85,104.21,52.21,23.0,15.66
Quepos,75,CR,1552938367,50,-84.16,9.43,87.01,20.8
Baykit,48,RU,1552938567,71,96.39,61.68,5.46,4.12
Paamiut,44,GL,1552938567,100,-49.67,61.99,21.66,35.43
Quelimane,76,MZ,1552938373,89,36.89,-17.88,79.26,2.26
Bara,0,NG,1552938568,24,10.6,10.41,79.44,8.25
Sampit,36,ID,1552938568,95,112.95,-2.54,71.7,3.04
Bhalwal,100,PK,1552938568,85,72.91,32.26,60.99,8.37
Fortuna,75,ES,1552938567,58,-1.13,38.18,57.2,4.7
Orange Cove,1,US,1552938564,37,-119.31,36.62,78.01,4.05
Soria,64,ES,1552938370,70,-2.46,41.76,37.99,15.99
Beloha,68,MG,1552938569,82,45.06,-25.17,73.23,7.25
Dzilam Gonzalez,76,MX,1552938569,61,-88.93,21.28,81.51,4.56
Garowe,0,SO,1552938569,68,48.48,8.41,72.42,10.54
Tabuk,56,PH,1552938570,99,121.44,17.41,63.78,1.77
Ladario,0,PT,1552938346,53,-7.74,40.7,55.99,2.59
San Juan de la Maguana,20,DO,1552935600,62,-71.23,18.81,84.2,19.46
Port Lincoln,68,AU,1552938575,100,135.86,-34.72,60.18,6.06
Kloulklubed,75,PW,1552935180,88,134.26,7.04,77.0,4.7
Richards Bay,12,ZA,1552938575,94,32.06,-28.77,73.5,3.27
Vao,12,EE,1552938576,92,26.19,59.1,33.81,10.31
Tommot,44,RU,1552938576,73,126.27,58.97,4.38,2.59
Eenhana,80,NA,1552935600,16,16.34,-17.48,93.2,3.36
Jumla,76,NP,1552938576,78,82.18,29.28,23.91,1.88
Hualmay,24,PE,1552938576,70,-77.61,-11.1,76.47,5.01
Shelburne,20,CA,1552938565,47,-80.2,44.08,39.0,11.41
Rozkishne,0,UA,1552938577,94,37.59,48.5,36.6,4.61
Coihaique,75,CL,1552935600,60,-72.07,-45.58,51.8,26.4
Tiarei,40,PF,1552938205,70,-149.33,-17.53,87.01,3.36
Aswan,0,EG,1552935600,18,32.9,24.09,73.4,9.17
Esso,48,RU,1552938577,81,158.7,55.93,6.81,2.55
Talcahuano,0,CL,1552935900,37,-73.12,-36.72,66.2,23.04
Halifax,75,CA,1552938366,40,-63.58,44.65,37.0,18.34
Elat,24,CM,1552938578,85,11.16,2.91,72.51,2.59
Ouesso,8,CG,1552938578,86,16.05,1.61,78.18,2.71
Mabaruma,92,GY,1552938578,82,-59.78,8.2,79.53,9.04
Gao,0,ML,1552938578,23,-0.04,16.28,86.55,10.83
Tuatapere,80,NZ,1552938006,96,167.69,-46.13,57.0,5.01
Kurovskoye,75,RU,1552935600,80,38.92,55.58,35.6,11.18
Naze,0,NG,1552938579,73,7.07,5.43,80.34,6.58
Lac du Bonnet,76,CA,1552938343,67,-96.06,50.25,35.01,7.0
Touros,20,BR,1552935600,70,-35.46,-5.2,86.0,11.41
Hargeysa,0,SO,1552938579,85,44.06,9.56,57.84,3.0
Celestun,92,MX,1552938585,100,-90.4,20.87,75.57,9.93
Cabo San Lucas,5,MX,1552938413,40,-109.91,22.89,81.0,11.41
Nha Trang,20,VN,1552935600,88,109.19,12.24,77.0,4.7
Lakes Entrance,88,AU,1552938561,98,147.99,-37.88,66.0,1.01
Axim,0,GH,1552938585,98,-2.24,4.87,83.49,10.38
Aykhal,12,RU,1552938585,57,111.51,65.95,-13.09,2.77
Cascais,0,PT,1552938429,54,-9.42,38.7,61.0,18.34
Mocuba,88,MZ,1552938586,95,36.99,-16.84,72.15,4.23
Ketchikan,1,US,1552935360,87,-131.65,55.34,55.4,5.82
Aksarka,0,RU,1552938586,56,67.8,66.56,2.94,4.27
Kanigoro,80,ID,1552938586,96,112.22,-8.13,78.81,8.59
Innerleithen,75,GB,1552938489,81,-3.06,55.62,46.4,6.93
Kimamba,0,TZ,1552938586,70,37.14,-6.79,74.31,6.02
Qasigiannguit,20,GL,1552935000,40,-51.19,68.82,-0.41,4.7
Virginia Beach,90,US,1552938516,76,-75.98,36.85,53.6,12.75
Dunedin,64,NZ,1552938095,87,170.5,-45.87,59.0,7.0
Cabinda,64,AO,1552938587,100,12.19,-5.56,83.67,8.86
Vuktyl,92,RU,1552938377,93,57.31,63.86,29.31,5.01
Terrace,75,CA,1552938366,75,-128.61,54.52,48.0,8.05
Kalanchak,0,UA,1552938587,78,33.28,46.26,41.64,10.87
Salalah,0,OM,1552935000,78,54.1,17.01,80.6,4.7
Spornoye,0,RU,1552935600,70,37.29,50.84,42.8,6.71
Muriwai Beach,88,NZ,1552938538,93,174.45,-36.82,66.99,4.7
Plettenberg Bay,20,ZA,1552938588,100,23.37,-34.05,69.45,7.85
Marsh Harbour,80,BS,1552938588,100,-77.06,26.54,75.03,11.32
Lebanon,1,US,1552938584,24,-72.25,43.64,37.0,9.17
Eureka,1,US,1552938428,100,-124.16,40.8,69.01,8.05
Komsomolskiy,80,RU,1552938590,89,63.78,67.55,22.65,11.65
Xiongzhou,0,CN,1552938570,93,118.83,32.34,51.01,4.47
Zaysan,0,KZ,1552938595,71,84.87,47.47,4.11,2.71
Sitka,0,US,1552938364,40,-99.65,37.17,59.0,14.0
Lompoc,1,US,1552938573,38,-120.46,34.64,73.4,6.93
Taltal,0,CL,1552938596,72,-70.49,-25.41,68.64,4.0
Wanning,88,AT,1552938502,87,13.53,48.64,37.99,4.7
Winnemucca,1,US,1552938369,30,-117.74,40.97,57.99,3.6
Rabo de Peixe,75,PT,1552938573,82,-25.58,37.8,59.0,5.82
Vardo,90,US,1552938491,31,-77.74,39.62,48.99,6.93
Wisla,75,PL,1552938582,67,18.86,49.66,41.0,1.12
Saint-Pierre,75,FR,1552938518,80,4.24,48.95,41.0,4.7
Morondava,76,MG,1552938597,92,44.28,-20.3,78.99,4.12
Meulaboh,64,ID,1552938598,100,96.13,4.14,78.18,3.33
Mackenzie,1,CA,1552935600,49,-123.09,55.34,46.4,8.05
Velingara,0,SN,1552938598,27,-16.01,13.64,83.76,10.31
Kapuskasing,20,CA,1552935600,29,-82.43,49.42,23.0,6.93
Sioux Lookout,90,CA,1552935600,47,-91.92,50.1,37.4,8.05
Torbay,40,CA,1552938505,92,-52.73,47.66,33.01,20.8
Haines Junction,68,CA,1552938599,93,-137.51,60.75,36.78,3.0
Moree,0,AU,1552937460,82,149.84,-29.46,64.4,6.93
Namatanai,12,PG,1552938599,100,152.44,-3.66,82.5,9.75
Hauterive,0,FR,1552938403,75,3.45,46.09,42.8,2.24
Batemans Bay,92,AU,1552938502,97,150.18,-35.71,64.99,3.0
Lansing,90,US,1552938402,35,-84.56,42.73,43.0,5.82
Nova Olimpia,12,BR,1552938600,68,-57.29,-14.8,89.88,3.6
Longyearbyen,90,NO,1552935000,85,15.63,78.22,15.8,39.15
Sterling,90,US,1552938494,42,-77.4,39.0,48.99,6.93
Bathsheba,20,BB,1552935600,58,-59.52,13.22,84.2,19.46
Inhambane,0,MZ,1552938606,100,35.38,-23.87,76.29,8.59
Bafq,0,IR,1552938606,50,55.4,31.6,36.51,2.33
San Patricio,56,PY,1552938606,82,-56.83,-26.98,77.28,2.37
Goundam,0,ML,1552938606,27,-3.66,16.42,79.08,8.3
Kishtwar,92,IN,1552938606,76,75.77,33.31,29.31,1.7
Turukhansk,68,RU,1552938606,68,87.96,65.8,-1.3,6.35
Omboue,36,GA,1552938607,98,9.26,-1.57,84.93,7.81
Copala,0,MX,1552938607,49,-98.97,16.61,87.99,9.53
Sao Filipe,8,CV,1552938607,87,-24.5,14.9,73.41,12.06
La Reforma,40,GT,1552938603,55,-91.82,14.8,93.2,13.87
Natchez,1,US,1552938306,30,-91.4,31.56,68.0,11.41
Pankovka,0,RU,1552938608,91,31.2,58.5,30.21,8.81
Waipawa,8,NZ,1552938557,90,176.59,-39.94,61.0,3.56
Portland,1,US,1552938059,47,-122.67,45.52,68.0,19.46
Camabatela,76,AO,1552938608,95,15.37,-8.19,68.01,2.89
Fare,0,PF,1552938608,100,-151.02,-16.7,83.76,0.76
Tazovskiy,88,RU,1552938609,80,78.7,67.47,8.61,9.53
Lasa,20,CY,1552938335,87,32.53,34.92,60.8,3.36
Yumen,56,CN,1552938609,41,97.04,40.29,39.93,14.12
Coria,0,ES,1552938609,60,-6.54,39.98,46.32,9.53
Obidos,0,PT,1552938608,62,-9.16,39.36,57.99,9.17
Manokwari,36,ID,1552938609,97,134.08,-0.87,81.33,5.73
Gweta,20,BW,1552938610,36,25.26,-20.21,77.37,7.4
Muisne,75,EC,1552935600,94,-80.02,0.61,80.6,6.93
Naryan-Mar,92,RU,1552938610,90,53.09,67.67,29.67,13.11
Klaksvik,92,FO,1552936800,93,-6.59,62.23,42.8,10.29
Jalingo,0,NG,1552938616,24,10.93,10.3,79.44,8.25
Kidal,0,ML,1552938616,17,1.41,18.44,78.54,9.26
Ahipara,24,NZ,1552938616,86,173.16,-35.17,68.46,6.02
Hirara,100,JP,1552938616,100,125.28,24.8,70.35,9.75
Paducah,1,US,1552938344,32,-88.6,37.08,55.4,9.17
Beidao,92,CN,1552938616,81,105.89,34.57,43.26,9.75
Pochutla,20,MX,1552938373,46,-96.47,15.74,90.0,7.85
Parana,40,BR,1552935600,100,-72.89,-7.52,78.8,3.36
Kununurra,12,AU,1552935600,83,128.74,-15.77,82.4,5.82
Darhan,88,MN,1552938617,58,105.92,49.49,20.04,13.85
La Libertad,20,PE,1552935600,40,-71.56,-16.38,69.8,11.41
Beringovskiy,32,RU,1552938618,100,179.32,63.05,-5.8,13.96
Hambantota,68,LK,1552938618,100,81.12,6.12,80.07,8.41
Chartres,90,FR,1552938563,100,1.49,48.45,45.0,2.24
Karpathos,20,GR,1552935000,82,27.21,35.51,60.8,11.41
Alice Springs,32,AU,1552935600,20,133.88,-23.7,68.0,4.7
Sobolevo,48,RU,1552938619,90,31.9,54.43,36.69,5.5
Altay,0,CN,1552938619,61,88.13,47.83,-0.31,2.37
Yendi,48,GH,1552938619,75,0.0,9.45,78.63,5.12
Yinchuan,88,CN,1552938619,63,106.21,38.48,32.01,3.11
Maniitsoq,44,GL,1552938620,100,-52.9,65.42,1.68,28.16
Namioka,24,JP,1552938608,40,140.59,40.71,43.0,4.0
La Macarena,44,CO,1552938620,95,-73.79,2.18,73.68,1.99
Meiktila,0,MM,1552938620,88,95.86,20.88,64.77,5.91
Barentu,0,ER,1552938620,74,37.59,15.11,65.76,1.81
Sosnovo-Ozerskoye,48,RU,1552938626,68,111.54,52.53,16.26,11.05
Abakaliki,32,NG,1552938626,57,8.11,6.32,85.56,9.15
Mangan,0,IN,1552938626,62,88.54,27.5,12.12,1.88
Henties Bay,0,NA,1552935731,92,14.28,-22.12,62.01,1.99
Tasiilaq,88,GL,1552935000,85,-37.64,65.61,23.0,29.97
Karabanovo,88,RU,1552938626,95,38.7,56.31,32.46,18.1
Barabai,80,ID,1552938626,94,115.38,-2.59,74.58,1.03
Xuddur,0,SO,1552938627,41,43.89,4.12,78.09,9.42
Galle,1,US,1552938624,34,-97.91,29.74,70.0,8.05
Oistins,20,BB,1552935600,58,-59.53,13.07,84.2,19.46
Wanlaweyn,0,SO,1552938627,80,44.89,2.62,78.27,11.16
Muyezerskiy,80,RU,1552938627,97,31.65,63.93,31.56,3.56
Kiboga,8,UG,1552938628,48,31.77,0.92,75.66,7.63
Murgab,75,TM,1552935600,82,61.97,37.5,55.4,6.93
Vanimo,88,PG,1552938628,100,141.3,-2.67,79.89,14.56
Molochnoye,0,UA,1552938628,87,34.04,44.91,34.98,7.07
Sao Felix do Xingu,24,BR,1552938628,86,-51.99,-6.64,80.79,1.88
Samoylovka,24,RU,1552937628,93,43.71,51.19,34.0,3.0
Amahai,20,ID,1552938629,100,129.0,-3.31,83.49,3.27
Taoudenni,68,ML,1552938629,12,-3.98,22.68,65.31,6.29
Nanortalik,64,GL,1552938629,99,-45.24,60.14,30.57,4.38
Adre,0,TD,1552938629,16,22.2,13.47,75.21,13.78
Rocha,0,UY,1552938536,73,-54.34,-34.48,74.58,12.28
Slave Lake,1,CA,1552935600,56,-114.77,55.28,42.8,4.7
Marcianise,40,IT,1552938402,100,14.3,41.03,57.99,2.77
Presidencia Roque Saenz Pena,0,AR,1552938515,73,-60.44,-26.79,81.06,4.61
Ust-Barguzin,80,RU,1552938630,75,109.03,53.41,17.61,3.49
Denpasar,20,ID,1552935600,94,115.22,-8.65,78.8,4.7
Verkhoyansk,0,RU,1552938636,60,133.39,67.55,-34.42,2.59
Qujing,24,CN,1552938636,43,103.8,25.49,55.41,12.44
Kuruman,20,ZA,1552938636,83,23.43,-27.46,60.72,0.87
Codrington,75,AU,1552938417,93,153.24,-28.95,68.0,2.89
Kummersbruck,20,DE,1552938617,86,11.89,49.42,39.99,4.7
Mendi,76,ET,1552938637,78,35.1,9.8,62.88,1.81
Tefe,40,BR,1552935600,63,-64.71,-3.35,91.4,11.41
Arlit,0,NE,1552938637,43,7.39,18.74,75.57,3.22
The Valley,20,AI,1552938383,47,-63.06,18.22,82.4,13.87
Veraval,0,FR,1552938615,80,0.71,49.65,44.6,3.36
Matamoros,90,US,1552938625,59,-97.51,25.87,64.4,10.29
Saquena,8,PE,1552938638,65,-73.52,-4.67,88.53,3.71
Port-Gentil,40,GA,1552935600,94,8.78,-0.72,82.4,3.36
Vostok,0,RU,1552938638,72,135.83,46.45,17.61,1.88
Bolu,0,TR,1552938638,80,31.61,40.73,32.64,3.38
Sarahan,24,IN,1552938638,93,77.79,31.51,6.63,1.77
El Sauce,0,SV,1552935000,49,-87.8,13.67,91.4,11.41
Roros,64,NO,1552936800,86,11.38,62.57,26.6,16.11
Eyl,92,SO,1552938639,100,49.82,7.98,77.19,10.76
Ahmadpur,0,IN,1552938639,39,76.94,18.7,68.91,8.14
Jackville,20,CI,1552935600,74,-4.42,5.21,86.0,8.05
Kamenka,20,RU,1552937758,73,44.05,53.19,35.01,5.84
Yenagoa,0,NG,1552938640,84,6.26,4.92,79.44,7.58
Cairns,75,AU,1552938317,88,145.77,-16.92,77.0,11.41
Palu,0,ID,1552938640,90,119.87,-0.9,57.21,1.54
Cayenne,75,GF,1552937400,66,-52.33,4.94,84.2,11.41
Mantua,75,IT,1552938546,61,10.79,45.16,48.99,8.05
Teeli,0,RU,1552938641,54,90.2,51.01,-9.04,3.27
Mareeba,75,AU,1552938317,88,145.42,-16.99,77.0,11.41
Biri,0,NO,1552938608,80,10.61,60.95,23.0,7.0
Maceio,20,BR,1552935600,66,-35.74,-9.67,86.0,13.87
Zyryanka,56,RU,1552938647,66,150.89,65.73,-14.62,4.34
Portel,20,PT,1552935600,51,-7.71,38.31,60.8,10.29
Burnie,0,AU,1552938484,92,145.91,-41.05,57.99,4.0
Dumas,0,IN,1552933800,41,72.71,21.09,78.8,10.65
La Serena,20,CL,1552935600,72,-71.25,-29.9,62.6,17.22
Abong Mbang,0,CM,1552938648,68,13.18,3.98,75.84,2.26
Semey,0,KZ,1552938648,80,80.25,50.41,10.14,7.81
Prado,0,BR,1552938649,93,-39.22,-17.34,83.13,17.2
Camacha,40,PT,1552935600,67,-16.33,33.08,60.8,12.75
Zatoka,20,PL,1552938593,64,20.52,50.04,44.01,5.82
Yarmouth,75,GB,1552938629,87,-1.5,50.71,46.99,5.82
Skarnes,0,NO,1552938608,66,11.68,60.25,33.01,6.93
Lubango,0,AO,1552938650,73,13.49,-14.92,66.66,2.82
Chapais,1,CA,1552936620,60,-74.86,49.78,10.4,9.17
San Vicente,0,SV,1552938621,38,-88.78,13.64,93.2,9.17
Victor Harbor,0,AU,1552938647,67,138.62,-35.55,64.0,3.11
Riyadh,0,SA,1552935600,27,46.72,24.63,62.6,3.36
Saskylakh,8,RU,1552938651,38,114.09,71.97,-25.15,3.04
Erie,20,US,1552938621,69,-80.09,42.13,37.99,13.87
Businga,24,CD,1552938652,58,20.89,3.34,79.98,2.89
Bonfim,20,BR,1552938657,83,-44.24,-20.33,77.1,2.21
Shanghai,12,CN,1552938356,100,121.49,31.23,51.01,2.24
Prince Albert,5,CA,1552935600,52,-105.75,53.2,42.8,9.17
Napasar,0,IN,1552938657,58,73.56,27.97,57.84,2.82
Tilichiki,32,RU,1552938624,41,166.1,60.47,-13.72,2.71
Tarauaca,20,BR,1552938658,69,-70.77,-8.16,87.63,3.11
Sulangan,68,PH,1552938658,100,123.72,11.14,79.89,19.1
Jiwani,0,PK,1552938658,92,61.74,25.05,66.21,11.77
Maningrida,0,AU,1552938658,89,134.23,-12.05,78.45,8.63
Mercedes,0,UY,1552938659,67,-58.03,-33.25,79.44,6.58
Takestan,0,IR,1552935600,65,49.69,36.07,41.0,2.24
Anjiang,76,CN,1552938659,100,110.14,27.32,47.58,2.82
Lazaro Cardenas,75,MX,1552938605,41,-105.62,28.39,61.0,12.75
Marzuq,0,YE,1552938627,70,46.47,14.4,54.69,2.37
Doha,0,QA,1552935600,49,51.53,25.29,68.0,5.82
Yarada,20,IN,1552935600,83,83.27,17.65,77.0,2.24
Mollendo,0,PE,1552938660,54,-72.02,-17.03,75.66,4.12
Banff,0,CA,1552936141,20,-115.57,51.18,53.01,1.01
Malibu,1,US,1552938652,19,-84.48,33.61,64.4,10.29
Srivardhan,0,IN,1552938660,92,73.02,18.03,64.14,2.59
Chumikan,12,RU,1552938661,67,135.31,54.72,-1.03,3.38
Berlevag,75,NO,1552935000,68,29.09,70.86,30.2,20.8
Nalut,56,LY,1552938661,46,10.98,31.86,61.53,8.75
Monrovia,40,LR,1552935600,79,-10.8,6.33,84.2,3.36
Gat,0,SN,1552937400,30,-16.54,14.69,80.6,14.99
Norrtalje,90,SE,1552938660,100,18.7,59.76,33.01,14.99
Santiago,75,CL,1552938592,38,-70.65,-33.44,79.0,8.05
Severo-Kurilsk,32,RU,1552938662,100,156.12,50.68,25.08,7.92
Thinadhoo,0,MV,1552938597,100,72.93,0.53,83.76,3.6
Iqaluit,20,CA,1552938184,62,-68.52,63.75,-16.01,16.11
Alofi,75,NU,1552935600,94,-169.92,-19.06,77.0,2.24
Wamba,32,CD,1552938668,71,27.99,2.14,75.39,3.0
Ostrovnoy,92,RU,1552938668,92,39.51,68.05,30.03,13.67
Coquimbo,20,CL,1552935600,72,-71.34,-29.95,62.6,17.22
Bagrami,90,AF,1552935000,86,69.27,34.49,41.0,11.41
Imuris,0,MX,1552938554,26,-110.86,30.78,78.01,1.99
Kafanchan,0,NG,1552938669,26,8.3,9.58,75.48,6.4
Pevek,56,RU,1552938632,84,170.27,69.7,-5.98,29.17
Alakurtti,88,RU,1552938541,96,30.34,66.96,30.0,2.82
Marawi,88,PH,1552938332,92,124.29,8.0,75.0,3.0
Manacapuru,40,BR,1552935600,59,-60.62,-3.3,91.4,3.36
Nantucket,75,US,1552938664,27,-70.1,41.28,42.01,10.29
Mapastepec,68,MX,1552938670,42,-92.9,15.44,87.45,4.5
Tessalit,0,ML,1552938670,20,1.01,20.2,71.43,6.8
Biertan,0,RO,1552937400,58,24.52,46.14,55.4,8.05
Novyy Urengoy,44,RU,1552938461,62,76.63,66.08,4.29,3.11
Grants,1,US,1552937700,28,-107.85,35.15,57.2,11.41
Vila Frescainha,0,PT,1552938437,76,-8.64,41.54,55.99,9.17
Balkanabat,92,TM,1552938671,96,54.36,39.51,45.24,6.24
Nola,20,CF,1552938671,91,16.05,3.52,71.43,1.7
Nouadhibou,8,MR,1552935600,72,-17.03,20.93,68.0,20.8
Calama,0,CL,1552935600,13,-68.93,-22.46,77.0,24.16
Haverfordwest,68,GB,1552938615,87,-4.97,51.8,48.2,11.41
Springfield,1,US,1552938658,26,-93.29,37.22,60.01,4.5
Kjollefjord,75,NO,1552935000,68,27.35,70.95,30.2,10.29
Flin Flon,5,CA,1552935600,45,-101.88,54.77,44.6,9.17
Neyshabur,92,IR,1552938677,96,58.79,36.21,34.71,19.1
Baruun-Urt,64,MN,1552938634,42,113.28,46.68,32.01,15.64
Papar,75,MY,1552938625,88,115.93,5.73,77.0,4.7
Dingle,64,PH,1552938678,88,122.67,11.0,75.57,10.76
Nuuk,90,GL,1552935000,78,-51.74,64.17,10.4,23.04
Adeje,8,NG,1552938678,75,5.76,5.68,82.5,11.27
Manthani,0,IN,1552938678,47,79.67,18.65,78.81,14.63
Porto Novo,40,BR,1552935600,49,-45.44,-23.68,89.6,11.41
Qaqortoq,75,GL,1552935000,80,-46.03,60.72,30.2,1.12
Gouyave,40,GD,1552935600,66,-61.73,12.16,84.2,20.8
Saint-Paul,75,FR,1552938615,93,1.9,45.22,42.01,2.24
Shache,12,CN,1552938477,38,77.24,38.42,50.0,3.11
Namwala,0,ZM,1552938680,50,26.45,-15.75,72.33,7.81
Half Moon Bay,5,US,1552938461,72,-122.43,37.46,75.0,3.04
Leshukonskoye,80,RU,1552938634,83,45.76,64.9,34.44,9.37
Linqiong,75,CN,1552935600,87,103.46,30.42,55.4,1.99
Marshall,75,US,1552938677,45,-87.69,39.39,50.0,8.05
Buta,12,CD,1552938680,37,24.73,2.79,83.49,5.01
Superior,1,US,1552938676,48,-105.17,39.95,48.99,5.01
Manuk Mangkaw,36,PH,1552938681,100,119.85,4.8,81.24,11.39
Santa Fe,0,AR,1552938651,43,-60.7,-31.62,93.0,1.01
Namibe,0,AO,1552938625,100,12.15,-15.19,77.28,8.75
Narayanavanam,0,IN,1552938682,92,79.59,13.42,70.26,2.77
Mehamn,75,NO,1552935000,68,27.85,71.03,30.2,10.29
Dauriya,48,RU,1552938682,70,116.85,49.93,30.84,14.63
Esmeralda,0,CL,1552935600,40,-70.9,-34.33,71.6,19.46
Atar,44,MR,1552938687,12,-13.05,20.52,70.44,7.29
Robertsport,12,LR,1552938688,98,-11.37,6.75,82.5,11.95
Amreli,0,IN,1552938688,40,71.21,21.6,66.66,6.02
Orlik,44,RU,1552938688,74,99.83,52.51,0.51,1.99
Mwandiga,32,TZ,1552938688,91,29.66,-4.84,80.61,1.48
Blois,80,FR,1552938539,100,1.33,47.59,44.6,6.02
Narrabri,40,AU,1552935600,60,149.78,-30.33,69.8,6.93
Tatarskaya Kargala,90,RU,1552935600,94,55.17,51.95,32.0,11.18
Kudahuvadhoo,88,MV,1552938689,100,72.89,2.67,83.49,5.73
Coalinga,40,US,1552938621,38,-120.36,36.14,75.99,6.93
Mbala,24,ZM,1552938689,88,31.37,-8.85,63.06,2.71
Poopo,64,BO,1552938689,40,-66.97,-18.38,67.74,7.02
Rock Sound,20,BS,1552938689,100,-76.2,24.9,77.19,3.0
Samfya,8,ZM,1552938690,90,29.56,-11.37,66.21,3.49
Shrirampur,0,IN,1552938690,43,79.49,18.86,78.09,11.95
Kayerkan,88,RU,1552938690,82,87.76,69.35,7.8,13.33
Wewak,92,PG,1552938690,92,143.63,-3.55,76.74,3.71
Letlhakane,88,BW,1552938690,30,25.59,-21.42,82.95,9.64
Kolokani,76,ML,1552938690,42,-8.03,13.58,86.46,5.23
Agutaya,56,PH,1552938691,100,120.94,11.15,79.89,22.17
Lerik,90,AZ,1552935600,87,48.42,38.78,50.0,9.17
Mus,0,FR,1552938615,40,4.2,43.74,51.8,11.41
